{
	"system" : {
		"platform" : "windows64",
		"os_name" : "Windows 10",
		"os_version" : "10.0"
	},
	"error" : {
		"executable" : "quartus",
		"comment" : "not_applicable",
		"error_message" : "Access Violation at 0X000000006D339016",
		"source_file" : "unknown",
		"line" : "0",
		"stack_trace" : "\t 0x6d339015: QtGui4 + 0x3a9015 (?qt_metacast@QMdiArea@@UEAAPEAXPEBD@Z + 0x475)\n\t 0x6d33a110: QtGui4 + 0x3aa110 (?resizeEvent@QMdiArea@@MEAAXPEAVQResizeEvent@@@Z + 0x240)\n\t 0x6cff21fd: QtGui4 + 0x621fd (?event@QWidget@@MEAA_NPEAVQEvent@@@Z + 0x50d)\n\t 0x6d3154e6: QtGui4 + 0x3854e6 (?event@QFrame@@MEAA_NPEAVQEvent@@@Z + 0x36)\n\t 0x6da40552: QtCore4 + 0x110552 (?sendThroughObjectEventFilters@QCoreApplicationPrivate@@QEAA_NPEAVQObject@@PEAVQEvent@@@Z + 0x82)\n\t 0x6cfb2f81: QtGui4 + 0x22f81 (?notify_helper@QApplicationPrivate@@QEAA_NPEAVQObject@@PEAVQEvent@@@Z + 0xe1)\n\t 0x6cfb2c2f: QtGui4 + 0x22c2f (?notify@QApplication@@UEAA_NPEAVQObject@@PEAVQEvent@@@Z + 0x17bf)\n\t 0x6da3e67b: QtCore4 + 0x10e67b (?notifyInternal@QCoreApplication@@AEAA_NPEAVQObject@@PEAVQEvent@@@Z + 0x7b)\n\t 0x6d029bed: QtGui4 + 0x99bed (?setGeometry_sys@QWidgetPrivate@@QEAAXHHHH_N@Z + 0xa7d)\n\t 0x6cffd8e0: QtGui4 + 0x6d8e0 (?setGeometry@QWidget@@QEAAXAEBVQRect@@@Z + 0xb0)\n\t 0x6d387000: QtGui4 + 0x3f7000 (?layoutChildren@QAbstractScrollAreaPrivate@@QEAAXXZ + 0x5e0)\n\t 0x6d33c7a7: QtGui4 + 0x3ac7a7 (?trUtf8@QMdiArea@@SA?AVQString@@PEBD0H@Z + 0x947)\n\t 0x6d33bedf: QtGui4 + 0x3abedf (?trUtf8@QMdiArea@@SA?AVQString@@PEBD0H@Z + 0x7f)\n\t 0x6d33c9ea: QtGui4 + 0x3ac9ea (?viewportEvent@QMdiArea@@MEAA_NPEAVQEvent@@@Z + 0x17a)\n\t 0x6da40552: QtCore4 + 0x110552 (?sendThroughObjectEventFilters@QCoreApplicationPrivate@@QEAA_NPEAVQObject@@PEAVQEvent@@@Z + 0x82)\n\t 0x6cfb2f81: QtGui4 + 0x22f81 (?notify_helper@QApplicationPrivate@@QEAA_NPEAVQObject@@PEAVQEvent@@@Z + 0xe1)\n\t 0x6cfb2c2f: QtGui4 + 0x22c2f (?notify@QApplication@@UEAA_NPEAVQObject@@PEAVQEvent@@@Z + 0x17bf)\n\t 0x6da3e67b: QtCore4 + 0x10e67b (?notifyInternal@QCoreApplication@@AEAA_NPEAVQObject@@PEAVQEvent@@@Z + 0x7b)\n\t 0x6d33e3f1: QtGui4 + 0x3ae3f1 (?closeEvent@QMdiSubWindow@@MEAAXPEAVQCloseEvent@@@Z + 0xa1)\n\t0x7ffb4f52e342: SYS_QUI + 0x3e342 (?closeEvent@QUI_MDI_SUB_WND@@MEAAXPEAVQCloseEvent@@@Z + 0x182)\n\t 0x6cff2211: QtGui4 + 0x62211 (?event@QWidget@@MEAA_NPEAVQEvent@@@Z + 0x521)\n\t 0x6cfb2f95: QtGui4 + 0x22f95 (?notify_helper@QApplicationPrivate@@QEAA_NPEAVQObject@@PEAVQEvent@@@Z + 0xf5)\n\t 0x6cfb2c2f: QtGui4 + 0x22c2f (?notify@QApplication@@UEAA_NPEAVQObject@@PEAVQEvent@@@Z + 0x17bf)\n\t 0x6da3e67b: QtCore4 + 0x10e67b (?notifyInternal@QCoreApplication@@AEAA_NPEAVQObject@@PEAVQEvent@@@Z + 0x7b)\n\t 0x6cfef920: QtGui4 + 0x5f920 (?close_helper@QWidgetPrivate@@QEAA_NW4CloseMode@1@@Z + 0xb0)\n\t0x7ffb4f514997: SYS_QUI + 0x24997 (?close_all_in_list@QUI_FRAME_WND@@IEAA_NV?$QList@PEAVQMdiSubWindow@@@@PEAVQMdiSubWindow@@U_GUID@@@Z + 0x227)\n\t0x7ffb4f514aef: SYS_QUI + 0x24aef (?close_all_windows@QUI_FRAME_WND@@QEAA_NU_GUID@@@Z + 0xff)\n\t0x7ffb4f51466f: SYS_QUI + 0x2466f (?closeEvent@QUI_FRAME_WND@@MEAAXPEAVQCloseEvent@@@Z + 0x1ef)\n\t 0x6cff2211: QtGui4 + 0x62211 (?event@QWidget@@MEAA_NPEAVQEvent@@@Z + 0x521)\n\t 0x6d32cbc0: QtGui4 + 0x39cbc0 (?event@QMainWindow@@MEAA_NPEAVQEvent@@@Z + 0x280)\n\t 0x6cfb2f95: QtGui4 + 0x22f95 (?notify_helper@QApplicationPrivate@@QEAA_NPEAVQObject@@PEAVQEvent@@@Z + 0xf5)\n\t 0x6cfb2c2f: QtGui4 + 0x22c2f (?notify@QApplication@@UEAA_NPEAVQObject@@PEAVQEvent@@@Z + 0x17bf)\n\t 0x6da3e67b: QtCore4 + 0x10e67b (?notifyInternal@QCoreApplication@@AEAA_NPEAVQObject@@PEAVQEvent@@@Z + 0x7b)\n\t 0x6cfef918: QtGui4 + 0x5f918 (?close_helper@QWidgetPrivate@@QEAA_NW4CloseMode@1@@Z + 0xa8)\n\t 0x6d018c06: QtGui4 + 0x88c06 (?winMouseButtonUp@QApplication@@SAXXZ + 0x1006)\n\t0x7ffbe8a91c4b: USER32 + 0x11c4b (CallWindowProcW + 0x43b)\n\t0x7ffbe8a9179b: USER32 + 0x1179b (EnumChildWindows + 0x19b)\n\t0x7ffbe8aa4c0c: USER32 + 0x24c0c (IsIconic + 0x1bc)\n\t0x7ffbe8d67ad3: ntdll + 0xa7ad3 (KiUserCallbackDispatcher + 0x23)\n\t0x7ffbe62b1433: win32u + 0x1433 (NtUserMessageCall + 0x13)\n\t0x7ffbe8a8e7a7: USER32 + 0xe7a7 (GetWindowTextW + 0x7f7)\n\t0x7ffbe8a8df6e: USER32 + 0xdf6e (GetDpiForSystem + 0x35e)\n\t0x7ffbe333a20f: uxtheme + 0xa20f (Ordinal119 + 0x87f)\n\t0x7ffbe3337131: uxtheme + 0x7131 (Ordinal137 + 0x3c1)\n\t0x7ffbe334032d: uxtheme + 0x1032d (ThemeInitApiHook + 0x131d)\n\t0x7ffbe333fc90: uxtheme + 0xfc90 (ThemeInitApiHook + 0xc80)\n\t0x7ffbe8a8e574: USER32 + 0xe574 (GetWindowTextW + 0x5c4)\n\t 0x6d48f0f7: QtGui4 + 0x4ff0f7 (?widgetDestroyed@QInputContext@@UEAAXPEAVQWidget@@@Z + 0x307)\n\t 0x6d018bc5: QtGui4 + 0x88bc5 (?winMouseButtonUp@QApplication@@SAXXZ + 0xfc5)\n\t0x7ffbe8a91c4b: USER32 + 0x11c4b (CallWindowProcW + 0x43b)\n\t0x7ffbe8a9179b: USER32 + 0x1179b (EnumChildWindows + 0x19b)\n\t0x7ffbe8aa4c0c: USER32 + 0x24c0c (IsIconic + 0x1bc)\n\t0x7ffbe8d67ad3: ntdll + 0xa7ad3 (KiUserCallbackDispatcher + 0x23)\n\t0x7ffbe62b13b3: win32u + 0x13b3 (NtUserPeekMessage + 0x13)\n\t0x7ffbe8a99f0e: USER32 + 0x19f0e (PeekMessageW + 0x1ce)\n\t0x7ffbe8a99e79: USER32 + 0x19e79 (PeekMessageW + 0x139)\n\t 0x6da637e3: QtCore4 + 0x1337e3 (?processEvents@QEventDispatcherWin32@@UEAA_NV?$QFlags@W4ProcessEventsFlag@QEventLoop@@@@@Z + 0x243)\n\t 0x6d012074: QtGui4 + 0x82074 (?openPopup@QApplicationPrivate@@QEAAXPEAVQWidget@@@Z + 0x204)\n\t 0x6da3b5db: QtCore4 + 0x10b5db (?exec@QEventLoop@@QEAAHV?$QFlags@W4ProcessEventsFlag@QEventLoop@@@@@Z + 0x22b)\n\t 0x6da3dbbf: QtCore4 + 0x10dbbf (?exec@QCoreApplication@@SAHXZ + 0xdf)\n\t0x7ff69f2d198b: quartus + 0x198b (?qgq_main@@YAHHPEAPEBD@Z + 0x8b)\n\t0x7ffbce113258: CCL_MSG + 0x13258 (?msg_main_thread@@YAPEAXPEAX@Z + 0x18)\n\t0x7ffbce114a5e: CCL_MSG + 0x14a5e (?msg_thread_wrapper@@YAPEAXP6APEAXPEAX@Z0@Z + 0x6e)\n\t0x7ffbce226af0: ccl_mem + 0x16af0 (?mem_thread_wrapper@@YAPEAXP6APEAXPEAX@Z0@Z + 0x70)\n\t0x7ffbce112af1: CCL_MSG + 0x12af1 (?msg_exe_main@@YAHHPEAPEBDP6AHH0@Z@Z + 0xa1)\n\t0x7ff69f2d2777: quartus + 0x2777 (WinMain + 0x127)\n\t0x7ff69f2d1f40: quartus + 0x1f40 (__tmainCRTStartup + 0x148)\n\t0x7ffbe74b54df: KERNEL32 + 0x154df (BaseThreadInitThunk + 0xf)\n\t0x7ffbe8cc485a: ntdll + 0x485a (RtlUserThreadStart + 0x2a)\n",
		"subsystem" : "unknown"
	},
	"quartus" : {
		"quartus_bits" : "64",
		"version" : "20.1.1",
		"build" : "720",
		"edition" : "Lite Edition"
	}
}